{
  "version": 1,
  "author": "Anonymous maker",
  "editor": "wokwi",
  "parts": [
    { "type": "wokwi-breadboard", "id": "bb1", "top": -99, "left": -237.2, "attrs": {} },
    { "type": "board-esp32-devkit-c-v4", "id": "esp", "top": 134.4, "left": -292.76, "attrs": {} },
    {
      "type": "wokwi-led",
      "id": "led1",
      "top": -224.4,
      "left": 147.8,
      "attrs": { "color": "red" }
    },
    {
      "type": "wokwi-led",
      "id": "led2",
      "top": -224.4,
      "left": 186.2,
      "attrs": { "color": "red" }
    },
    {
      "type": "wokwi-hc-sr04",
      "id": "ultrasonic1",
      "top": -228.9,
      "left": -234.5,
      "attrs": { "distance": "28" }
    },
    {
      "type": "wokwi-hx711",
      "id": "cell1",
      "top": 213.8,
      "left": -112.6,
      "attrs": { "type": "5kg" }
    },
    { "type": "wokwi-servo", "id": "servo1", "top": -280.4, "left": 355.2, "attrs": {} },
    { "type": "wokwi-potentiometer", "id": "pot1", "top": -30.1, "left": 441.4, "attrs": {} },
    {
      "type": "wokwi-resistor",
      "id": "r1",
      "top": 14.4,
      "left": 181.85,
      "rotate": 90,
      "attrs": { "value": "200" }
    },
    {
      "type": "wokwi-resistor",
      "id": "r2",
      "top": 13,
      "left": 143.15,
      "rotate": 270,
      "attrs": { "value": "200" }
    }
  ],
  "connections": [
    [ "esp:TX", "$serialMonitor:RX", "", [] ],
    [ "esp:RX", "$serialMonitor:TX", "", [] ],
    [ "esp:3V3", "bb1:bp.1", "red", [ "v-76.8", "h39.35" ] ],
    [ "esp:GND.2", "bb1:bn.1", "black", [ "v-38.4", "h-57.6" ] ],
    [ "ultrasonic1:GND", "bb1:bn.6", "black", [ "v0" ] ],
    [ "ultrasonic1:VCC", "bb1:tp.4", "red", [ "v0" ] ],
    [ "esp:5V", "bb1:tp.1", "red", [ "h-38.25", "v-422.7" ] ],
    [ "bb1:bn.2", "bb1:tn.1", "black", [ "v0" ] ],
    [ "ultrasonic1:TRIG", "bb1:7t.a", "orange", [ "v0" ] ],
    [ "ultrasonic1:ECHO", "bb1:8t.a", "gold", [ "v0" ] ],
    [ "esp:19", "bb1:7t.e", "orange", [ "h0" ] ],
    [ "esp:18", "bb1:8t.e", "gold", [ "h0" ] ],
    [ "cell1:VCC", "bb1:tp.7", "red", [ "h0" ] ],
    [ "pot1:GND", "bb1:bn.50", "black", [ "v0" ] ],
    [ "pot1:VCC", "bb1:bp.50", "red", [ "v0" ] ],
    [ "esp:32", "bb1:59b.j", "green", [ "h28.95", "v192", "h604.8" ] ],
    [ "pot1:SIG", "bb1:59b.i", "limegreen", [ "v0" ] ],
    [ "cell1:GND", "bb1:tn.9", "black", [ "h0" ] ],
    [ "bb1:41t.a", "led1:A", "red", [ "v0" ] ],
    [ "bb1:45t.a", "led2:A", "red", [ "v0" ] ],
    [ "led2:C", "bb1:bn.35", "black", [ "v0" ] ],
    [ "led1:C", "bb1:bn.31", "black", [ "v0" ] ],
    [ "esp:16", "bb1:41b.j", "red", [ "h19.2", "v124.8", "h345.6" ] ],
    [ "cell1:DT", "esp:5", "orange", [ "h0" ] ],
    [ "cell1:SCK", "esp:17", "gold", [ "h0" ] ],
    [ "esp:4", "bb1:45b.j", "red", [ "h9.6", "v124.8", "h384" ] ],
    [ "r1:1", "bb1:45t.e", "", [ "$bb" ] ],
    [ "r1:2", "bb1:45b.i", "", [ "$bb" ] ],
    [ "r2:1", "bb1:41b.i", "", [ "$bb" ] ],
    [ "r2:2", "bb1:41t.e", "", [ "$bb" ] ]
  ],
  "dependencies": {}
}