{
  "version": 1,
  "author": "KK",
  "editor": "wokwi",
  "parts": [
    { "type": "wokwi-breadboard", "id": "bb1", "top": -348.6, "left": -83.6, "attrs": {} },
    { "type": "wokwi-esp32-devkit-v1", "id": "esp", "top": -100.9, "left": 167.8, "attrs": {} },
    { "type": "wokwi-potentiometer", "id": "pot1", "top": -289.3, "left": 403, "attrs": {} },
    {
      "type": "wokwi-hc-sr04",
      "id": "ultrasonic1",
      "top": -468.9,
      "left": -52.1,
      "attrs": { "distance": "304" }
    },
    {
      "type": "wokwi-servo",
      "id": "servo1",
      "top": -519.4,
      "left": 117,
      "rotate": 270,
      "attrs": {}
    },
    { "type": "wokwi-vcc", "id": "vcc2", "top": -383.24, "left": -144, "attrs": {} },
    { "type": "wokwi-gnd", "id": "gnd2", "top": -326.4, "left": -144.6, "attrs": {} },
    {
      "type": "wokwi-resistor",
      "id": "r1",
      "top": -274.45,
      "left": 38.4,
      "attrs": { "value": "1000" }
    },
    {
      "type": "wokwi-resistor",
      "id": "r2",
      "top": -293.65,
      "left": 96,
      "attrs": { "value": "2000" }
    },
    {
      "type": "wokwi-text",
      "id": "text1",
      "top": -451.2,
      "left": -259.2,
      "attrs": { "text": "sensor distancia 5v (15ma)\n" }
    },
    {
      "type": "wokwi-text",
      "id": "text2",
      "top": -355.2,
      "left": -230.4,
      "attrs": { "text": "fuente 5v" }
    },
    {
      "type": "wokwi-text",
      "id": "text4",
      "top": -528,
      "left": 48,
      "attrs": { "text": "servo 5v (500ma)" }
    },
    {
      "type": "wokwi-text",
      "id": "text5",
      "top": -393.6,
      "left": 384,
      "attrs": { "text": "poten 3,3v (3,3ma)" }
    },
    {
      "type": "wokwi-led",
      "id": "led1",
      "top": -310.8,
      "left": 320.6,
      "attrs": { "color": "red" }
    },
    {
      "type": "wokwi-resistor",
      "id": "r3",
      "top": -236.6,
      "left": 306.35,
      "rotate": 270,
      "attrs": { "value": "330" }
    },
    {
      "type": "wokwi-led",
      "id": "led2",
      "top": -310.8,
      "left": 282.2,
      "attrs": { "color": "red" }
    },
    {
      "type": "wokwi-resistor",
      "id": "r4",
      "top": -236.6,
      "left": 267.95,
      "rotate": 270,
      "attrs": { "value": "330" }
    },
    {
      "type": "wokwi-hx711",
      "id": "cell1",
      "top": -16.6,
      "left": 386.6,
      "attrs": { "type": "5kg" }
    }
  ],
  "connections": [
    [ "esp:TX0", "$serialMonitor:RX", "", [] ],
    [ "esp:RX0", "$serialMonitor:TX", "", [] ],
    [ "r3:1", "led4:A", "green", [ "v0" ] ],
    [ "led4:C", "esp:GND.1", "green", [ "v138.64", "h-88.39", "v102.35", "h600.84", "v-182.05" ] ],
    [ "bb1:bn.42", "bb1:52b.i", "black", [ "v0" ] ],
    [ "bb1:bp.44", "bb1:54b.i", "red", [ "v0" ] ],
    [ "esp:GND.1", "bb1:bn.49", "black", [ "h18.9", "v57.5", "h307.2", "v-230.4", "h-85.6" ] ],
    [ "bb1:bn.48", "bb1:tn.48", "black", [ "v0" ] ],
    [ "vcc2:VCC", "bb1:tp.1", "red", [ "v0" ] ],
    [ "gnd2:GND", "bb1:tn.1", "black", [ "v0" ] ],
    [ "ultrasonic1:VCC", "bb1:tp.6", "red", [ "v0" ] ],
    [ "ultrasonic1:GND", "bb1:tn.9", "black", [ "v0" ] ],
    [ "servo1:GND", "bb1:tn.21", "black", [ "v0" ] ],
    [ "servo1:V+", "bb1:tp.22", "red", [ "v0" ] ],
    [ "ultrasonic1:TRIG", "esp:D27", "purple", [ "v345.6", "h-0.4", "v28.8" ] ],
    [ "servo1:PWM", "esp:D33", "#8f4814", [ "v249.6", "h-143.8", "v105.6", "h105.6" ] ],
    [ "ultrasonic1:ECHO", "bb1:11t.c", "green", [ "v0" ] ],
    [ "bb1:23t.a", "bb1:tn.18", "black", [ "v0" ] ],
    [ "bb1:17t.e", "esp:D26", "green", [ "v124.8", "h-48", "v124.8" ] ],
    [ "bb1:42b.j", "bb1:bn.34", "black", [ "v0" ] ],
    [ "bb1:38b.j", "bb1:bn.30", "black", [ "v0" ] ],
    [ "bb1:53b.i", "esp:D35", "blue", [ "v86.4", "h-297.6", "v77.2" ] ],
    [ "bb1:39t.e", "esp:D23", "gold", [ "v0" ] ],
    [ "bb1:43t.e", "esp:D22", "gold", [ "v0" ] ],
    [ "cell1:SCK", "esp:D2", "orange", [ "h0" ] ],
    [ "cell1:DT", "esp:D4", "orange", [ "h0" ] ],
    [ "cell1:GND", "bb1:bn.37", "black", [ "h0" ] ],
    [ "cell1:VCC", "bb1:bp.36", "red", [ "h0" ] ],
    [ "pot1:GND", "bb1:52b.g", "", [ "$bb" ] ],
    [ "pot1:SIG", "bb1:53b.g", "", [ "$bb" ] ],
    [ "pot1:VCC", "bb1:54b.g", "", [ "$bb" ] ],
    [ "r1:1", "bb1:11t.d", "", [ "$bb" ] ],
    [ "r1:2", "bb1:17t.d", "", [ "$bb" ] ],
    [ "r2:1", "bb1:17t.b", "", [ "$bb" ] ],
    [ "r2:2", "bb1:23t.b", "", [ "$bb" ] ],
    [ "led1:A", "bb1:43t.d", "", [ "$bb" ] ],
    [ "led1:C", "bb1:42t.d", "", [ "$bb" ] ],
    [ "r3:1", "bb1:42b.i", "", [ "$bb" ] ],
    [ "r3:2", "bb1:42t.e", "", [ "$bb" ] ],
    [ "led2:A", "bb1:39t.d", "", [ "$bb" ] ],
    [ "led2:C", "bb1:38t.d", "", [ "$bb" ] ],
    [ "r4:1", "bb1:38b.i", "", [ "$bb" ] ],
    [ "r4:2", "bb1:38t.e", "", [ "$bb" ] ]
  ],
  "dependencies": {}
}